,C5,C6,C8,C12,U14
0,[],[],[],[],[],
1,[],[],[],[],[],
2,[],[],[],[],[],
3,[],[],[],[],[],
4,"['Automate_Tasks']",[],[],[],[],
5,[],[],[],[],[],
6,[],[],[],[],[],
7,[],[],[],[],[],
8,"['Increased_Productivity']",[],[],[],[],
9,[],[],[],[],[],
11,[],[],[],[],[],
12,"['Skeleton_Design', 'Prototyping']",[],[],[],[],
13,[],[],[],[],[],
14,"['Increased_Productivity', 'Save_Time', 'Prototyping']",[],[],[],[],
15,"['Debugging']","['Unhelpful_or_Broken_Generations']",[],[],[],
16,[],[],[],[],[],
17,[],[],[],[],[],
18,[],"["AI_Doesn't_Understand_Problem", 'Must_Use_Good_Prompts']",[],[],[],
19,"['Increased_Productivity']","['Generates_Buggy_Code', 'Unhelpful_or_Broken_Generations']",[],[],[],
20,[],"['Unhelpful_or_Broken_Generations', 'Accuracy']",[],[],[],
21,[],[],[],[],[],
22,[],[],[],[],[],
23,[],[],[],[],[],
24,[],[],[],[],[],
25,"['Increased_Productivity', 'Save_Time']","['Lacks_Visual_Reasoning']",[],[],[],
26,"['Increased_Productivity']","['Unhelpful_or_Broken_Generations']",[],[],[],
27,"['Increased_Productivity']",[],[],[],[],
28,"['Increased_Productivity']",[],[],[],[],
29,[],[],"['Webtools_are_Enough']",[],[],
30,[],[],"['No_Usecase_or_Not_Useful', "Models_Don't_Make_Good_Suggestions", 'Low_Trust', 'Webtools_are_Enough']",[],[],
31,[],"['Forced_to_Refactor']",[],[],[],
32,"['Bad_Answer', 'Increased_Productivity']",[],[],[],[],
33,"['Implementing_Algorithms']",[],[],[],[],
34,[],[],[],[],[],
35,"['Faster_Development']","['Generates_Poor_Quality_Code', 'Suggestions_Are_Not_Optimal']",[],[],[],
36,"['Save_Time']","['Generates_Poor_Quality_Code', 'Unhelpful_or_Broken_Generations']",[],[],[],
37,"['Increased_Productivity', 'Allows_to_Shift_Focus']",[],[],[],[],
38,"["Don't_Have_To_Read_Documentation", 'Provide_Reference_or_Learning', 'Rubber_Duck_Debugging']","['Poorly_Documented', 'Not_Trained_on_Most_Recent_Tech']",[],[],[],
39,"['Library_Selection', 'Provide_Reference_or_Learning']","['Autocomplete_Issues', 'Missing_Information']",[],[],[],
40,[],[],[],[],[],
41,[],[],"['Licensing_or_Copyright_Risks', 'Legal_Risks']",[],[],
42,[],[],[],[],[],
43,"['Provide_Reference_or_Learning', "Don't_Have_To_Read_Documentation", 'Writing_Basic_Code_Snippets']","['Generates_Buggy_Code', 'Unhelpful_or_Broken_Generations']",[],[],[],
44,"['Increased_Productivity', 'Save_Time']",[],[],[],[],
45,[],[],[],[],[],
46,"['Debugging', 'Save_Time', 'Improve_Code_Quality', 'Testing', 'Documentation', 'Increased_Productivity', 'Optimize_Solutions', 'Assistance_with_Typing']",[],[],[],[],
47,"['Writing_Basic_Code_Snippets', 'Debugging', 'Improve_Code_Quality', 'Testing', 'Documentation', 'Assistance_with_Typing', 'Can_Explain_or_Summarize_Code']","["AI_Doesn't_Understand_Problem", 'Generates_Poor_Quality_Code', "Doesn't_Really_Understand"]",[],[],[],
48,"['Provide_Reference_or_Learning', 'Can_Explain_or_Summarize_Code', 'Writing_Basic_Code_Snippets']","['Trained_on_Old_Data']",[],[],[],
49,[],[],[],[],[],
50,[],[],[],[],[],
51,"['Provide_Reference_or_Learning']",[],[],[],[],
52,[],[],[],[],[],
53,[],"['Unhelpful_or_Broken_Generations', 'Off_Topic', 'Subtle_or_Hidden_Errors', "AI_Doesn't_Understand_Problem"]",[],[],[],
54,"['Save_Time', 'Testing', 'Code_Review']",[],[],[],[],
55,[],[],[],[],[],
56,"['Debugging', 'Provide_Reference_or_Learning', 'Mistake_and_Typo_Correction']","['Not_Trained_on_Most_Recent_Tech', 'Lack_of_Wider_Context', 'Trained_on_Old_Data', 'Problems_That_Span_Files']",[],[],[],
57,"['Save_Time']","['Hallucinations', 'Must_Use_Good_Prompts']",[],[],[],
58,[],"['Suggestions_Are_Not_Optimal']",[],[],[],
59,[],[],[],[],[],
60,[],[],[],[],[],
61,[],[],[],[],[],
62,"['Pair_Programming', 'Motivation']",[],[],[],[],
63,[],[],[],[],[],
64,"['Provide_Reference_or_Learning', 'Explain_Concepts', "Don't_Have_To_Read_Documentation"]","['Outdated_Use_of_Packages', 'Have_to_Review_Carefully', 'Forced_to_Refactor']",[],[],[],
65,"['Writing_Basic_Code_Snippets']","['Have_to_Review_Carefully', 'Generates_Buggy_Code']",[],[],[],
66,"['Increased_Productivity', 'Save_Time', 'Faster_Development']","['Autocomplete_Issues', 'Poor_Auto_Completion', 'Poor_Test_Generation', 'Generates_Poor_Quality_Code']",[],[],[],
67,[],[],[],[],[],
68,"['Increased_Productivity', 'Faster_Development']",[],[],[],[],
69,"['Increased_Productivity', 'Save_Time', 'Faster_Development']","['Multiple_Generations']",[],[],[],
70,[],[],[],[],[],
71,[],[],[],[],[],
72,"['Provide_Reference_or_Learning']","['Have_to_Review_Carefully', 'Must_Use_Good_Prompts', "Can't_Rely_On_AI_Fully"]",[],[],[],
73,[],[],[],[],[],
74,"['Optimize_Solutions']","['Circular_Conversations']",[],[],[],
75,"['Allows_to_Shift_Focus']",[],[],[],[],
76,[],[],[],[],[],
77,[],[],[],[],[],
78,"['Provide_Inspiration', 'Experimenting']",[],[],[],[],
79,"['Faster_Feature_Delivery', 'Faster_Development']",[],[],[],[],
80,[],[],[],[],[],
81,[],[],[],[],[],
82,"['Less_Typing', 'Provide_Reference_or_Learning', 'Auto_Completion', "Don't_Have_To_Read_Documentation"]","["AI_Doesn't_Understand_Problem", 'Unhelpful_or_Broken_Generations']",[],[],[],
83,"['Provide_Reference_or_Learning']","["AI_Doesn't_Understand_Problem", 'Must_Use_Good_Prompts']",[],[],[],
84,"['Save_Time']","['Generates_Poor_Quality_Code', "Can't_Rely_On_AI_Fully"]",[],[],[],
85,"['Provide_Reference_or_Learning', 'Improve_Code_Quality', 'Writing_Basic_Code_Snippets']","['Unhelpful_or_Broken_Generations', 'Missing_Information', "Doesn't_Work_For_Usecase"]",[],[],[],
86,"['Save_Time', 'Provide_Reference_or_Learning']",[],[],[],[],
87,"['Faster_Development']",[],[],[],[],
88,[],[],[],[],[],
89,"['Writing_Basic_Code_Snippets']",[],[],[],[],
90,"['Save_Time', 'Develop_in_Unfamiliar_Languages', 'Develop_with_Unfamiliar_Libraries', 'Increased_Productivity', 'Writing_Basic_Code_Snippets']","['Unhelpful_or_Broken_Generations', "Doesn't_Work_For_Less_Popular_Libraries"]",[],[],[],
91,[],[],[],[],[],
92,[],[],[],[],[],
93,"['Bug_Fixing', 'Debugging', 'Writing_Basic_Code_Snippets']",[],[],[],[],
94,[],"['Trained_on_Old_Data']",[],[],[],
95,"['Writing_Basic_Code_Snippets']","['Not_Smart_Enough', 'Generic_Generations', 'Unhelpful_or_Broken_Generations', "AI_Doesn't_Understand_Problem"]",[],[],[],
96,[],[],[],[],[],
97,[],"['Accuracy']",[],[],[],
98,[],"['Not_Trained_on_Most_Recent_Tech', "Can't_Rely_On_AI_Fully", "Doesn't_Work_For_Less_Popular_Libraries", "Doesn't_Work_for_Complex_Issues", 'Trained_on_Old_Data', 'Missing_Information']",[],[],[],
99,"['Writing_Basic_Code_Snippets']","['Incorporating_Generated_Code', "Can't_Rely_On_AI_Fully"]",[],[],[],
100,[],"['Unhelpful_or_Broken_Generations', 'Accuracy']",[],[],[],
101,[],[],[],[],[],
102,[],[],[],[],[],
103,[],"['Unhelpful_or_Broken_Generations', 'Subtle_or_Hidden_Errors']",[],[],[],
104,"['Develop_with_Unfamiliar_Libraries', 'Develop_in_Unfamiliar_Languages']","['Learning_Curve', "Can't_Rely_On_AI_Fully"]",[],[],[],
105,"['Debugging', 'Faster_Development', 'Getting_Alternatives', 'Bug_Fixing', 'Provide_Reference_or_Learning']",[],[],[],[],
106,[],[],"["Doesn't_Use_Code_Directly"]",[],[],
107,"['Offers_New_Perspective_or_Insight', 'Provide_Reference_or_Learning', 'Getting_Alternatives']","['Unhelpful_or_Broken_Generations']",[],[],[],
108,"['Save_Time', 'Faster_Development', 'Provide_Reference_or_Learning']","['Outdated_Use_of_Packages']",[],[],[],
109,"['Offers_a_Starting_Point', 'Save_Time', 'Faster_Development']","['Lack_of_Wider_Context', 'Unhelpful_or_Broken_Generations', 'Trying_Different_Prompts']",[],[],[],
110,[],[],[],[],[],
111,"['Save_Time', "Don't_Have_To_Read_Documentation"]","['Outdated_Use_of_Packages']",[],[],[],
112,"['Increased_Productivity', 'Faster_Development', 'Performing_Repetitive_Tasks']",[],[],[],[],
113,[],[],[],[],[],
114,[],[],[],[],[],
115,[],[],[],[],[],
116,[],[],[],[],[],
117,[],[],[],[],[],
118,"['Prototyping', 'Develop_in_Unfamiliar_Languages', 'Experimenting', 'Provide_Reference_or_Learning', 'Increased_Productivity']","['Unhelpful_or_Broken_Generations', 'Learning_Curve', 'Must_Use_Good_Prompts', 'Lack_of_Wider_Context', 'Subtle_or_Hidden_Errors', 'Inability_to_Design']",[],[],[],
119,"['Error_Detection', 'Improve_Code_Quality', 'Writing_Basic_Code_Snippets']","['Multiple_Generations', 'Trying_Different_Prompts']",[],[],[],
120,[],"['Unhelpful_or_Broken_Generations']",[],[],[],
121,[],[],[],[],[],
122,[],[],[],[],[],
123,[],"['Circular_Conversations']",[],[],[],
124,[],"['Outdated_Use_of_Packages', 'Not_Trained_on_Most_Recent_Tech']",[],[],[],
125,"['Error_Detection', 'Develop_in_Unfamiliar_Languages', 'Develop_with_Unfamiliar_Libraries', 'Mistake_and_Typo_Correction']","['Subtle_or_Hidden_Errors']",[],[],[],
126,"['Improve_Code_Quality', 'Simplifying_Code_and_Logic', 'Fewer_Bugs']",[],[],[],[],
127,"['Writing_Basic_Code_Snippets', 'Performing_Repetitive_Tasks']",[],[],[],[],
128,"['Offers_a_Starting_Point', 'Provide_Inspiration']","["Can't_Rely_On_AI_Fully", 'Must_Use_Good_Prompts', "Can't_Automate_End_to_End_Process"]",[],[],[],
129,[],"['Unhelpful_or_Broken_Generations', "Can't_Rely_On_AI_Fully"]",[],[],[],
130,[],"["Can't_Rely_On_AI_Fully"]",[],[],[],
131,[],[],[],[],[],
132,"['Standard_and_Consistent_Code', 'Writing_Basic_Code_Snippets']",[],[],[],[],
133,"['Provide_Inspiration']","['Context_Window', 'Time_Consuming_to_Fix_Code', 'Unhelpful_or_Broken_Generations', 'Have_to_Review_Carefully']",[],"['Security']",[],
134,"['Provide_Inspiration', 'Getting_Alternatives']","['Generates_Poor_Quality_Code', 'Unhelpful_or_Broken_Generations']",[],[],[],
135,[],[],[],[],[],
136,"['Offers_New_Perspective_or_Insight', 'Provide_Inspiration']",[],[],[],[],
137,"['Fewer_Bugs']",[],[],[],[],
138,[],"['Outdated_Use_of_Packages', 'Keeping_AI_Tools_Updated']",[],[],[],
139,"['Offers_New_Perspective_or_Insight', 'Provide_Inspiration']","['Generates_Poor_Quality_Code', "Doesn't_Work_For_Usecase", 'Hallucinations', "Doesn't_Work_For_Less_Popular_Libraries"]",[],[],[],
140,"['Less_Flow_State_Disruption']","['Lack_of_Language_Server_Integrations']",[],[],[],
141,"['Domain_Logic_Support', 'Provide_Reference_or_Learning', 'Increases_Scope_of_Work', 'Increased_Understanding']","['Outdated_Use_of_Packages', 'Not_Trained_on_Most_Recent_Tech']",[],[],[],
142,"['Motivation', 'Can_Work_on_Bigger_Projects']","['Bad_Answer', 'Too_Many_To_List']",[],[],[],
143,"['Easy_to_Use']",[],[],[],[],
144,"['Provide_Reference_or_Learning']","['Context_Window', 'Generates_Poor_Quality_Code', 'Truncates_Generated_Code', 'Not_Good_with_Math', 'Problems_That_Span_Files']",[],[],[],
145,[],"['Autocomplete_Issues', 'Unhelpful_or_Broken_Generations']",[],[],[],
146,[],"['Censored']",[],[],[],
147,[],"['Accuracy', 'Unhelpful_or_Broken_Generations']",[],[],[],
148,"['Save_Time', 'Testing']",[],[],[],[],
149,[],"['Context_Window', "Can't_Automate_End_to_End_Process"]",[],[],[],
150,"['Allows_to_Shift_Focus', 'Develop_in_Unfamiliar_Languages']","['Generates_Poor_Quality_Code', "Generated_Code_Doesn't_Fit_Project"]",[],[],[],
151,[],[],[],[],[],
152,[],"['Generates_Poor_Quality_Code', 'Unhelpful_or_Broken_Generations']",[],[],[],
153,[],"['Outdated_Use_of_Packages']",[],[],[],
154,"['Offers_New_Perspective_or_Insight', 'Increased_Productivity']",[],[],[],[],
155,[],"['Time_Consuming_to_Prompt', 'Time_Consuming_to_Fix_Code']",[],[],[],
156,[],[],[],[],[],
157,[],[],[],[],[],
158,"['Debugging', 'Faster_Development']","["Models_Can't_Test_Output", 'Unhelpful_or_Broken_Generations']",[],[],[],
159,"['Can_Write_Better_Code_Than_Developer', 'Improve_Code_Quality', 'Getting_Alternatives']","['Ambiguities', 'Accuracy', "AI_Doesn't_Understand_Problem"]",[],[],[],
160,[],[],[],[],[],
161,[],[],[],[],[],
162,[],[],[],[],[],
163,[],[],"['Legal_Risks', 'Licensing_or_Copyright_Risks']",[],[],
164,"['Performing_Repetitive_Tasks']","['Lack_of_Wider_Context', 'Context_Window', "Doesn't_Work_For_Less_Popular_Libraries"]",[],[],[],
165,"['Debugging', 'Bug_Fixing']",[],[],[],[],
166,[],[],"['Privacy_Concerns']",[],[],
167,[],[],[],[],[],
168,"['Save_Time', 'Allows_to_Shift_Focus']","['Circular_Conversations', 'Unhelpful_or_Broken_Generations']",[],[],[],
169,"['Bug_Fixing', 'Faster_Development']",[],[],[],[],
170,[],[],[],[],[],
171,"['Not_Having_to_Think', 'Allows_to_Shift_Focus']","['Depends_on_Scope']",[],[],[],
172,"['Improve_Code_Quality', 'Domain_Logic_Support', 'Standard_and_Consistent_Code', 'Faster_Development', 'Data_Analysis', 'Learn_Best_Practices']","['Time_Consuming_to_Fix_Code', 'Mindset_Switch', 'Depends_on_Scope']",[],[],[],
173,"['Develop_with_Unfamiliar_Libraries', 'Prototyping', 'Develop_in_Unfamiliar_Languages']","["Doesn't_Work_for_Complex_Issues"]",[],[],[],
175,"['Offers_New_Perspective_or_Insight', 'Rubber_Duck_Debugging', 'Getting_Alternatives']",[],[],[],[],
176,"['Provide_Inspiration', 'Skeleton_Design_or_Outline', 'Offers_a_Starting_Point']","['No_Way_to_Partially_Accept_Solutions', 'Outdated_Use_of_Packages']",[],[],[],
177,[],[],[],[],[],
178,[],"['Generates_Poor_Quality_Code', 'Suggestions_Are_Not_Optimal']",[],[],[],
179,[],[],[],[],[],
180,"['Writing_Basic_Code_Snippets', 'Performing_Repetitive_Tasks']","["Doesn't_Follow_Instructions", 'Unhelpful_or_Broken_Generations']",[],[],[],
181,"['Faster_Development', "Don't_Have_To_Read_Documentation", 'Provide_Reference_or_Learning', 'Auto_Completion']",[],[],[],[],
182,"['Getting_Alternatives']","['Hallucinations', 'Breaks_Code_on_Refactor', 'Makes_Problems_Worse', 'Problems_That_Span_Files']",[],[],[],
183,[],"['Accuracy', 'Unhelpful_or_Broken_Generations']",[],[],[],
184,"['Allows_to_Shift_Focus', 'Develop_in_Unfamiliar_Languages', 'Develop_with_Unfamiliar_Libraries']",[],[],[],[],
185,"['Offers_New_Perspective_or_Insight', 'Provide_Reference_or_Learning', 'Can_Explain_or_Summarize_Code', 'Facilitate_Problem_Solving', 'Increased_Understanding']","['Unfounded_Confidence']",[],[],[],
186,[],[],[],[],[],
187,"['Save_Time', 'Testing', 'Generating_Test_Cases', 'Faster_Development', 'Writing_Basic_Code_Snippets', 'Writing_Commit_Messages']","['Have_to_Review_Carefully']",[],[],[],
188,[],[],"['Prefer_to_Code_Themself']",[],[],
189,"['Standard_and_Consistent_Code', 'Improve_Code_Quality']",[],[],[],[],
190,"['Helps_Solve_Complex_Problems', 'Testing', 'Domain_Logic_Support', 'Develop_with_Unfamiliar_Libraries', 'Generating_Test_Cases', 'Implementing_Algorithms', "Don't_Have_To_Read_Documentation", 'Helps_when_Stuck', 'Writing_Basic_Code_Snippets', 'Writing_Commit_Messages', 'Facilitate_Problem_Solving']","['Outdated_Use_of_Packages', 'Not_Trained_on_Most_Recent_Tech', 'Not_Smart_Enough', "Can't_Compete_with_Expert_Devs", 'Lack_of_Wider_Context', "Doesn't_Work_for_Complex_Issues", 'Problems_That_Span_Files']",[],[],[],
191,[],[],[],[],[],
192,[],"['Truncates_Generated_Code', 'Must_Use_Good_Prompts', 'Lack_of_Wider_Context', 'Inconsistent_Results']",[],[],[],
193,"['Writing_Commit_Messages', 'Improve_Code_Quality']","['Generates_Buggy_Code', 'Unhelpful_or_Broken_Generations', 'Formatting_Issues']",[],[],[],
194,[],[],[],[],[],
195,"['Prototyping', 'Skeleton_Design_or_Outline']","['Generates_Buggy_Code', 'Unhelpful_or_Broken_Generations', "Can't_Rely_On_AI_Fully"]",[],[],[],
196,[],[],"['Low_Trust', 'Licensing_or_Copyright_Risks', 'Legal_Risks', 'Security_Concerns', 'Alternatives_are_Sufficient']",[],[],
197,[],[],[],[],[],
198,[],[],[],[],[],
199,"['Implementing_Algorithms', 'Depends_on_the_Tool', 'Porting_or_Translating_Code']","['Autocomplete_Issues', 'Intrusive', 'Poor_Auto_Completion']",[],[],[],
200,[],[],[],[],[],
201,[],[],[],[],[],
202,[],[],[],[],[],
203,[],[],"['Uncertainty_About_Deploying_to_Production', 'Low_Trust']",[],[],
204,"['Save_Time', 'Develop_with_Unfamiliar_Libraries', 'Auto_Completion', 'Learn_Best_Practices']","["Doesn't_Work_for_Complex_Issues", 'Lack_of_Creativity']",[],[],[],
205,"['Faster_Development']","['Generates_Poor_Quality_Code', 'Unhelpful_or_Broken_Generations']",[],[],[],
206,"['Provide_Reference_or_Learning', "Don't_Have_To_Read_Documentation"]","['Accuracy', 'Unhelpful_or_Broken_Generations']",[],[],[],
207,"['Allows_to_Shift_Focus', 'Optimize_Solutions', 'Improve_Code_Quality']",[],[],[],[],
208,"['Provide_Reference_or_Learning', 'Can_Explain_or_Summarize_Code']","['Outdated_Use_of_Packages', 'Trained_on_Old_Data', 'Not_Trained_on_Most_Recent_Tech']",[],[],[],
209,"['Writing_Basic_Code_Snippets']","['Lack_of_Transparency', 'Generates_Poor_Quality_Code', 'Suggestions_Are_Not_Optimal']",[],[],[],
210,[],"['Context_Window', 'Generic_Generations', "Doesn't_Ask_for_Clarification"]",[],[],[],
211,[],[],[],[],[],
212,"['Faster_Development', 'Refactoring_Code', 'Architecture_and_System_Design', 'Increased_Productivity', 'Optimize_Solutions']",[],[],[],[],
213,[],"['Off_Topic', 'Unhelpful_or_Broken_Generations']",[],[],[],
214,"['Debugging', 'Error_Detection']",[],[],[],[],
215,[],[],"['Legal_Risks', 'Licensing_or_Copyright_Risks', 'Prefer_to_Code_Themself', 'Slower_Than_Coding_or_Other_Tools']",[],[],
216,"['Bug_Fixing', 'Improve_Code_Quality']","['Lack_of_Wider_Context', "Doesn't_Follow_Instructions", 'Unhelpful_or_Broken_Generations', "Doesn't_Really_Understand"]",[],[],[],
217,[],"['Circular_Conversations', 'Lack_of_Wider_Context', 'Produces_Redundant_or_Repetitive_Code']",[],[],[],
218,[],[],[],[],[],
219,"['Pair_Programming']","['Time_Consuming_to_Fix_Code', 'Have_to_Review_Carefully', 'Poor_Auto_Completion', 'Intrusive', 'Interactivity_Problems']",[],[],[],
220,"['Faster_Development']","["Doesn't_Work_For_Usecase", 'Generates_Buggy_Code', 'Unhelpful_or_Broken_Generations', 'Lack_of_Creativity']",[],[],[],
221,[],[],[],[],[],
222,[],[],"['Webtools_are_Enough']","['Security']",[],
223,[],[],[],[],[],
224,"['Bad_Answer', 'Increased_Understanding']",[],[],"['Doing_Fine_Without_It', 'Quality']",[],
225,[],[],"['Prefer_to_Code_Themself']",[],[],
226,"['Testing', 'Generating_Test_Cases', 'Writing_Basic_Code_Snippets', 'Less_Typing', 'Writing_Commit_Messages']","['Outdated_Use_of_Packages', "Doesn't_Follow_Best_Practices", 'Unhelpful_or_Broken_Generations', 'Accuracy']",[],[],[],
227,[],[],[],[],[],
228,[],[],[],[],[],
229,"['Offers_New_Perspective_or_Insight']",[],[],[],[],
231,"['Offers_a_Starting_Point']",[],[],[],[],
232,"['Auto_Completion']",[],[],[],[],
233,[],"['Time_Consuming_to_Fix_Code', 'Hallucinations', 'Have_to_Review_Carefully', 'Subtle_or_Hidden_Errors', 'Unfounded_Confidence']",[],[],[],
234,[],"['Bad_Answer', 'Young_Technology']",[],[],[],
235,[],[],[],[],[],
236,[],[],"['No_Usecase_or_Not_Useful', 'Not_Good_for_Complex_Problems']",[],[],
237,[],"['Reasoning_Skills', "Doesn't_Work_for_Complex_Issues"]",[],[],[],
238,"['Commit_Summarization', 'Can_Explain_or_Summarize_Code']","['Unhelpful_or_Broken_Generations', 'Circular_Conversations', 'Accuracy', "AI_Doesn't_Understand_Problem", 'Unfounded_Confidence']",[],[],[],
239,"["Don't_Have_To_Read_Documentation"]","["Can't_Automate_End_to_End_Process", "Doesn't_Work_for_Complex_Issues", "Can't_Rely_On_AI_Fully"]",[],[],[],
240,"['Error_Detection', 'Mistake_and_Typo_Correction']","['Must_Use_Good_Prompts', "Doesn't_Work_for_Complex_Issues", "Can't_Rely_On_AI_Fully"]",[],[],[],
241,"['Increased_Productivity', 'Faster_Development', 'Prototyping']",[],[],[],[],
242,"['Standard_and_Consistent_Code', 'Improve_Code_Quality']","['Outdated_Use_of_Packages', 'Not_Trained_on_Most_Recent_Tech', 'Reasoning_Skills', 'Trained_on_Old_Data']",[],[],[],
243,"['Refactoring_Code']",[],[],[],[],
245,"['Develop_with_Unfamiliar_Libraries', 'Develop_in_Unfamiliar_Languages']","['Lack_of_Wider_Context', 'Context_Window']",[],[],[],
246,"['Standard_and_Consistent_Code', 'Improve_Code_Quality']","['Young_Technology']",[],[],[],
248,"['Standard_and_Consistent_Code', 'Faster_Development', 'Accuracy', 'Improve_Code_Quality']","["Doesn't_Work_for_Complex_Issues", "Doesn't_Work_For_Less_Popular_Libraries"]",[],[],[],
249,[],"['Garbage_in_Garbage_Out', 'No_Control_Over_Result']",[],[],[],
250,"['Pair_Programming']","['Time_Consuming_to_Prompt', 'Problems_That_Span_Files']",[],[],[],
251,[],[],[],[],[],
252,[],[],[],[],[],
253,[],[],[],[],[],
254,[],"['Off_Topic', 'Lack_of_Wider_Context']",[],[],[],
255,"['Faster_Development', 'Can_Explain_or_Summarize_Code', 'Increased_Understanding']","['Accuracy', 'Unhelpful_or_Broken_Generations']",[],[],[],
256,"['Provide_Reference_or_Learning']",[],[],[],[],
257,"['Offers_New_Perspective_or_Insight', 'Experimenting', 'Great_For_Non_SW_Engineers', 'Provide_Reference_or_Learning']","['Generates_Poor_Quality_Code', 'Suggestions_Are_Not_Optimal', 'Lack_of_Wider_Context', 'Accuracy']",[],[],[],
258,[],"["Doesn't_Work_for_Complex_Issues", "Can't_Automate_End_to_End_Process"]",[],[],[],
260,[],"['Lack_of_Wider_Context', "Doesn't_Really_Understand"]",[],[],[],
261,[],[],[],[],[],
262,[],"['Generates_Poor_Quality_Code', 'Suggestions_Are_Not_Optimal', "Can't_Rely_On_AI_Fully"]",[],[],[],
264,[],[],[],[],[],
265,[],"['Time_Consuming_to_Prompt', 'Must_Use_Good_Prompts']",[],[],[],
266,"['Faster_Configuring_of_Projects', 'Faster_Development', 'Testing', 'Skeleton_Design_or_Outline']","['Trying_Different_Prompts', 'Not_Good_with_Math', 'Unhelpful_or_Broken_Generations', 'Accuracy']",[],[],[],
267,"['Standard_and_Consistent_Code']","['Autocomplete_Issues', 'Intrusive', 'Poor_Auto_Completion']",[],[],[],
268,"['Debugging', 'Testing', 'Implementing_Algorithms', 'Generating_Test_Cases', 'Bug_Fixing']","['Not_Autonomous', 'Must_Use_Good_Prompts']",[],[],[],
269,[],[],[],[],[],
271,[],[],[],[],[],
272,[],[],[],[],[],
273,[],[],[],[],[],
274,"['Helps_Solve_Complex_Problems', 'Can_Write_Better_Code_Than_Developer', 'Increases_Scope_of_Work']",[],[],[],[],
275,[],[],[],[],[],
276,[],[],"['Webtools_are_Enough', 'Prefer_to_Code_Themself']",[],[],
277,"['Provide_Reference_or_Learning', "Don't_Have_To_Read_Documentation"]","['No_Gaps', 'Unsure']",[],[],[],
278,"['Faster_Development']","['Time_Consuming_to_Fix_Code', 'Unhelpful_or_Broken_Generations', 'Generated_Code_Is_Deprecated']",[],[],[],
279,"['Testing', 'Generating_Test_Cases', 'Skeleton_Design_or_Outline']","['Generates_Buggy_Code']",[],[],[],
280,"['Pair_Programming']","['Lack_of_Wider_Context', 'Context_Window', "Doesn't_Work_for_Complex_Issues"]",[],[],[],
282,[],[],[],[],[],
284,[],[],[],[],[],
285,"['Generating_Test_Data', 'Performing_Repetitive_Tasks', 'Writing_Basic_Code_Snippets']",[],[],[],[],
286,"['Prototyping', 'Generating_Test_Cases', 'Testing']","['Time_Consuming_to_Fix_Code', 'Poor_Test_Generation']",[],[],[],
287,"['Easy_to_Use', 'Faster_Development']","['Missing_Information', 'Generic_Generations']",[],[],[],
288,"['Writing_Basic_Code_Snippets']","['Outdated_Use_of_Packages', "Doesn't_Follow_Instructions", 'Problems_That_Span_Files', 'Accuracy']",[],[],[],
289,"['Easy_to_Use', 'Improve_Code_Quality']",[],[],[],[],
290,[],"['Time_Consuming_to_Fix_Code', "Can't_Rely_On_AI_Fully"]",[],[],[],
291,"['Bug_Fixing', 'Faster_Development']",[],[],[],[],
292,[],[],[],[],[],
293,[],"['Accuracy', 'Unfounded_Confidence']",[],[],[],
294,[],[],[],[],[],
295,"['Increased_Productivity', 'Faster_Development']","["Doesn't_Follow_Instructions", 'Unhelpful_or_Broken_Generations', 'Accuracy']",[],[],[],
296,"['Experimenting', 'Prototyping']","["Models_Don't_Learn", "Doesn't_Work_for_Complex_Issues"]",[],[],[],
297,[],"['Generates_Buggy_Code']",[],[],[],
298,[],"['Off_Topic']",[],[],[],
299,"['Experimenting', 'Quicker_Iterations']","['Generates_Poor_Quality_Code']",[],[],[],
300,"["Don't_Have_To_Read_Documentation"]","['Hallucinations', 'Ambiguities']",[],[],[],
302,[],"['Generates_Buggy_Code', 'Developer_Experience_Problems', 'Unhelpful_or_Broken_Generations', 'Hard_to_Integrate_Into_Tool_Suite', 'Accuracy']",[],[],[],
303,"['Testing', 'Offers_New_Perspective_or_Insight', 'Generating_Test_Cases', 'Faster_Development', 'Provide_Reference_or_Learning', 'Offers_a_Starting_Point', 'Brainstorming']","["Can't_Rely_On_AI_Fully", 'Must_Use_Good_Prompts', 'Trying_Different_Prompts', 'Not_Autonomous']",[],[],[],
304,"['Prototyping']",[],[],[],[],
306,"['Testing', 'Generating_Test_Cases']","['Inconsistent_Results', 'Unhelpful_or_Broken_Generations', 'No_Control_Over_Result']",[],[],[],
307,[],[],[],[],[],
308,[],"['Hurts_Developer_Skills', 'Developer_Experience_Problems']",[],[],[],
310,[],[],[],[],[],
311,[],"['Generic_Generations', 'Generates_Buggy_Code']",[],[],[],
312,[],"['Bad_Answer', 'Unhelpful_or_Broken_Generations']",[],[],[],
313,[],"['Must_Use_Good_Prompts']",[],[],[],
314,[],"['Unhelpful_or_Broken_Generations']",[],"['Sensitive_Information_or_IP']",[],
315,[],[],[],[],[],
316,[],"['Outdated_Use_of_Packages', 'Time_Consuming_to_Fix_Code', 'Not_Trained_on_Most_Recent_Tech', 'Suggestions_Are_Not_Optimal', 'Trained_on_Old_Data']",[],[],[],
317,"["Don't_Have_To_Read_Documentation"]",[],[],[],[],
319,"['Bad_Answer', 'Writing_Basic_Code_Snippets']","['Generates_Poor_Quality_Code', "Can't_Rely_On_AI_Fully", 'Not_Autonomous']",[],[],[],
321,[],"['Multiple_Generations', 'Trying_Different_Prompts', 'Accuracy', 'Inconsistent_Results']",[],[],[],
322,[],[],[],[],[],
323,"['Offers_a_Starting_Point', 'Brainstorming', 'Reduce_Burden_of_Context_Switching', 'Develop_in_Unfamiliar_Languages']",[],[],[],[],
324,[],[],[],[],[],
325,[],"['Trying_Different_Prompts', "AI_Doesn't_Understand_Problem", 'Long_Prompts']",[],[],[],
326,"['Provide_Reference_or_Learning', "Don't_Have_To_Read_Documentation"]","['Generates_Poor_Quality_Code', "Doesn't_Work_For_Usecase", 'Unhelpful_or_Broken_Generations', 'Domain_Issues', 'Subtle_or_Hidden_Errors']",[],[],[],
327,[],"['Generates_Buggy_Code', 'Unhelpful_or_Broken_Generations', 'Formatting_Issues', 'Inconsistent_Results']",[],[],[],
328,[],"["Can't_Rely_On_AI_Fully", 'Have_to_Review_Carefully']",[],[],[],
329,[],[],[],[],[],
330,"['Writing_Basic_Code_Snippets']","['Lack_of_Wider_Context']",[],[],[],
332,"['Faster_Development', 'Writing_Basic_Code_Snippets']","["AI_Doesn't_Understand_Problem"]",[],[],[],
333,"['Generating_Test_Cases', 'Testing']",[],[],[],[],
334,"['Performing_Repetitive_Tasks']","['Produces_Redundant_or_Repetitive_Code', 'Unhelpful_or_Broken_Generations', 'Lack_of_Creativity']",[],[],[],
335,"['Not_Having_to_Think']","['Off_Topic']",[],[],[],
336,[],[],"['Legal_Risks', 'Licensing_or_Copyright_Risks']",[],[],
337,"['Faster_Development']","['Availability', 'Network_Issues', 'Hard_to_Integrate_Into_Tool_Suite']",[],[],[],
338,[],[],[],[],[],
339,[],[],"['Still_Have_to_Check_Code']",[],[],
340,"['Provide_Reference_or_Learning']","['Must_Use_Good_Prompts']",[],[],[],
341,"['Faster_Development', "Don't_Have_To_Read_Documentation"]","["Generated_Code_Doesn't_Fit_Project", 'Hurts_Developer_Skills', 'Off_Topic']",[],[],[],
342,"['Offers_New_Perspective_or_Insight', 'Faster_Development', 'Provide_Inspiration']","['Off_Topic']",[],[],[],
343,"['Testing', 'Generating_Test_Cases', 'Documentation', 'Automate_Tasks']","['Generates_Poor_Quality_Code', 'Domain_Issues', 'Lack_of_Wider_Context', "AI_Doesn't_Understand_Problem"]",[],[],[],
345,"['Develop_in_Unfamiliar_Languages', 'Develop_with_Unfamiliar_Libraries', 'Architecture_and_System_Design', 'Provide_Reference_or_Learning']","['Unhelpful_or_Broken_Generations']",[],[],[],
346,[],[],[],[],[],
347,"['Bug_Fixing', 'Faster_Development', 'Debugging']","['Unhelpful_or_Broken_Generations', 'Needlessly_Complex_Solution']",[],[],[],
348,[],[],[],[],[],
350,"['Testing', 'Generating_Test_Cases', "Don't_Have_To_Read_Documentation", 'Provide_Reference_or_Learning', 'Less_Typing']",[],[],[],[],
352,[],[],[],[],[],
353,[],[],[],[],[],
354,"["Don't_Have_To_Read_Documentation", 'Performing_Repetitive_Tasks', 'Provide_Reference_or_Learning', 'Writing_Basic_Code_Snippets']","['Context_Window', 'Issues_Arising_from_Paid_APIs']",[],[],[],
355,"['Writing_Basic_Code_Snippets']","['Must_Be_Able_to_Verify', 'Time_Consuming_to_Fix_Code', 'Have_to_Review_Carefully']",[],[],[],
356,[],[],[],[],[],
361,"['Save_Time', 'Fewer_Bugs']","['Multiple_Generations']","['Legal_Risks']",[],[],
362,[],"['Trained_on_Old_Data', 'Outdated_Use_of_Packages', 'Not_Trained_on_Most_Recent_Tech']",[],[],[],
363,"['Allows_to_Shift_Focus', "Don't_Have_To_Read_Documentation", 'Provide_Reference_or_Learning', 'Writing_Basic_Code_Snippets', 'Offers_a_Starting_Point']","['Context_Window', "Doesn't_Work_for_Complex_Issues"]",[],[],[],
364,"['Allows_to_Shift_Focus', 'Save_Time']","['Unhelpful_or_Broken_Generations', "Generated_Code_Doesn't_Fit_Project", 'Have_to_Review_Carefully']",[],[],[],
365,[],[],[],[],[],
368,"['Increased_Productivity', 'Faster_Development']",[],[],[],[],
369,[],"['Bad_Answer', "Doesn't_Work_For_Usecase"]",[],[],[],
370,[],[],[],[],[],
371,[],"['Lack_of_Wider_Context', 'Hard_to_Understand_Generated_Code', "Doesn't_Work_for_Complex_Issues"]",[],[],[],
372,"['Develop_with_Unfamiliar_Libraries', 'Provide_Reference_or_Learning']","['Context_Window', 'Problems_That_Span_Files', 'Issues_Arising_from_Paid_APIs', 'Lack_of_Wider_Context']",[],[],[],
375,"['Debugging', 'Provide_Inspiration', 'Bug_Fixing', 'Brainstorming']","['Unhelpful_or_Broken_Generations']",[],[],[],
376,"['Testing', 'Generating_Test_Cases', 'Faster_Development', 'Performing_Repetitive_Tasks', 'Auto_Completion']",[],[],[],[],
377,[],[],[],[],[],
378,"['Refactoring_Code', 'Provide_Reference_or_Learning', 'Optimize_Solutions', 'Can_Explain_or_Summarize_Code', 'Increased_Understanding']","['Outdated_Use_of_Packages', 'Not_Trained_on_Most_Recent_Tech', 'Must_Use_Good_Prompts', 'Trained_on_Old_Data', 'Not_Autonomous']",[],[],[],
379,[],[],[],[],[],
380,"['Less_Manual_Labor']","['Context_Window']",[],[],[],
382,[],[],"['Not_Mature_Enough', 'No_Usecase_or_Not_Useful']",[],[],
386,[],[],[],[],[],
387,"['Offers_a_Starting_Point']",[],[],[],[],
388,"['Code_Is_IDE_Ready', 'Fewer_Bugs', 'Skeleton_Design_or_Outline']","['Not_Good_at_UI', 'Generates_Buggy_Code', 'Trying_Different_Prompts']",[],[],[],
390,"['Save_Time']","['Trained_on_Old_Data', 'Outdated_Use_of_Packages', 'Not_Trained_on_Most_Recent_Tech']",[],[],[],
391,"['Generating_Test_Cases', 'Testing']","['Generates_Buggy_Code', 'Forced_to_Refactor', "Doesn't_Work_For_Less_Popular_Libraries"]",[],[],[],
392,[],"['Trained_on_Old_Data', 'Not_Trained_on_Most_Recent_Tech']",[],[],[],
393,[],[],"['Takes_the_Fun_Out_of_Coding', 'Not_Good_for_Complex_Problems', 'Prefer_to_Code_Themself']",[],[],
394,"['Quickly_Move_From_Idea_to_Product']","['Hurts_Developer_Skills', 'Inconsistent_Results']",[],[],[],
395,"['Provide_Reference_or_Learning', "Don't_Have_To_Read_Documentation"]",[],[],[],[],
397,[],"['Off_Topic', 'Unhelpful_or_Broken_Generations', 'Multiple_Generations']",[],[],[],
398,"['Writing_Basic_Code_Snippets', 'Performing_Repetitive_Tasks']","['Unhelpful_or_Broken_Generations', 'Not_Autonomous', 'Must_Use_Good_Prompts']",[],[],[],
399,[],[],[],[],[],
401,[],[],[],[],[],
403,[],[],[],[],[],
404,"['Architecture_and_System_Design', 'Helps_Solve_Complex_Problems', 'Provide_Reference_or_Learning', 'Explain_Concepts']","['Have_to_Review_Carefully']",[],[],[],
405,[],"['Not_Autonomous', 'Trying_Different_Prompts']",[],[],[],
406,[],[],[],[],[],
407,[],"['Outdated_Use_of_Packages']",[],[],[],
408,"['Detection_of_Edge_Cases', 'Testing', 'Generating_Test_Cases']","['Produces_Redundant_or_Repetitive_Code', 'Generates_Poor_Quality_Code', 'Suggestions_Are_Not_Optimal', 'Circular_Conversations']",[],[],[],
409,"['Increased_Understanding', 'Can_Explain_or_Summarize_Code']","['Accuracy', 'Not_Autonomous']",[],[],[],
410,"['Increased_Understanding', 'Can_Explain_or_Summarize_Code']","['Unhelpful_or_Broken_Generations']",[],[],[],
411,"['Develop_in_Unfamiliar_Languages', 'Provide_Inspiration', 'Offers_New_Perspective_or_Insight', 'Faster_Development', 'Increased_Understanding']","['Outdated_Use_of_Packages', 'Not_Trained_on_Most_Recent_Tech', 'Trained_on_Old_Data']",[],[],[],
412,[],[],[],[],[],
413,"['Develop_with_Unfamiliar_Libraries', 'Faster_Development', 'Getting_Alternatives', 'Brainstorming']","['Unhelpful_or_Broken_Generations']",[],[],[],
414,"['Bug_Fixing', 'Understanding_Use_Cases', 'Explain_Concepts']","["Doesn't_Work_for_Complex_Issues", 'Not_Autonomous', 'Must_Use_Good_Prompts']",[],[],[],
415,"['Increased_Understanding', 'Can_Explain_or_Summarize_Code']",[],[],[],[],
416,"['Increased_Productivity', 'Faster_Development']",[],[],[],[],
418,"['Domain_Logic_Support', 'Gives_Advice']",[],[],[],[],
419,[],[],[],[],[],
420,"['Brainstorming', 'Sounding_Board', 'Faster_Development', 'Improve_Code_Quality']","["Doesn't_Follow_Instructions"]",[],[],[],
422,"['Implementing_Algorithms', 'Writing_Basic_Code_Snippets', 'Offers_New_Perspective_or_Insight']",[],[],[],[],
423,"['Offers_New_Perspective_or_Insight', 'Provide_Inspiration']",[],[],[],[],
424,"['Reproducibility', 'Performing_Repetitive_Tasks']",[],[],[],[],
426,"['Develop_in_Unfamiliar_Languages']","['Time_Consuming_to_Fix_Code', 'Accuracy', 'Forced_to_Refactor']",[],[],[],
427,[],[],[],[],[],
428,"['Auto_Completion', 'Brainstorming']",[],[],[],[],
429,[],"["Doesn't_Follow_Instructions"]",[],[],[],
430,"['Helps_Solve_Complex_Problems', 'Can_Work_on_Bigger_Projects', 'Safe_and_Secure']","['Not_Smart_Enough', 'Bad_Answer', 'Speed']",[],[],[],
431,"['Automate_Tasks']","["Can't_Rely_On_AI_Fully", 'Have_to_Review_Carefully']",[],[],[],
432,[],[],[],[],[],
433,"['Writing_Basic_Code_Snippets']",[],[],[],[],
434,"['Less_Manual_Labor']",[],[],[],[],
437,"['Documentation', 'Developer_Experience']","['Breaks_Code_on_Refactor', 'Forced_to_Refactor']",[],[],[],
438,[],[],[],[],[],
439,"['Debugging', 'Bug_Fixing', 'Can_Explain_or_Summarize_Code', 'Increased_Understanding']",[],[],[],[],
440,"['Increased_Productivity', 'Faster_Development']",[],[],[],[],
441,[],"['Accuracy']",[],[],[],
442,[],[],[],[],[],
443,"['Provide_Reference_or_Learning']",[],[],[],[],
444,"['Faster_Development']",[],[],[],[],
445,[],[],[],[],[],
447,[],[],[],[],[],
448,"['Explain_Obfuscated_Code', 'Can_Explain_or_Summarize_Code']","['Must_Use_Good_Prompts']",[],[],[],
449,"['Allows_to_Shift_Focus', "Don't_Have_To_Read_Documentation", 'Provide_Reference_or_Learning', 'Accuracy']",[],[],[],[],
450,[],[],[],[],[],
451,"['Develop_with_Unfamiliar_Libraries', 'Offers_New_Perspective_or_Insight', 'Getting_Alternatives', 'Library_Selection']","['Generates_Poor_Quality_Code']",[],[],[],
452,"['Writing_Basic_Code_Snippets']","['Forced_to_Refactor', 'Not_Autonomous', 'Inconsistent_Results']",[],[],[],
454,"['Helps_when_Stuck', 'Improve_Code_Quality', 'Getting_Alternatives']","['Availability', "Doesn't_Follow_Instructions", 'Needlessly_Complex_Solution']",[],[],[],
455,"['Helps_when_Stuck', 'Improve_Code_Quality']","['Outdated_Use_of_Packages']",[],[],[],
456,"['Provide_Reference_or_Learning', 'Detection_of_Edge_Cases']","['Hallucinations', 'Lack_of_Wider_Context']",[],[],[],
457,"['Allows_to_Shift_Focus']","['Have_to_Review_Carefully']",[],[],[],
458,[],[],[],[],[],
460,"['Generating_Test_Cases', 'Testing']","["Doesn't_Work_for_Complex_Issues", 'Not_Autonomous', 'Must_Use_Good_Prompts']",[],[],[],
461,"['Writing_Basic_Code_Snippets']",[],[],[],[],
464,[],[],"['Early_in_Development', 'Still_Exploring_Technology']",[],[],
465,"['Provide_Reference_or_Learning', "Don't_Have_To_Read_Documentation"]","['Not_Autonomous', "Can't_Rely_On_AI_Fully"]",[],[],[],
466,"['Workflow_Improvements', 'Improve_Code_Quality', 'Faster_Development']","['Time_Consuming_to_Prompt']",[],[],[],
468,[],[],[],[],[],
469,[],[],[],[],[],
475,"['Save_Time', 'Faster_Development']",[],[],[],[],
478,"['Allows_to_Shift_Focus', 'Prototyping', 'Testing', 'Generating_Test_Cases']","["Can't_Rely_On_AI_Fully", 'Subtle_or_Hidden_Errors']",[],[],[],
481,"['Increased_Productivity', 'Faster_Development']","["Can't_Rely_On_AI_Fully", 'Young_Technology']",[],[],[],
482,[],"['Unhelpful_or_Broken_Generations', 'Must_Use_Good_Prompts']",[],[],[],
486,[],[],[],[],[],
488,[],"['Context_Window', 'Lack_of_Wider_Context']",[],[],[],
489,[],[],[],[],[],
490,"['Bad_Answer', 'Faster_Development', 'Accuracy']","['Context_Window', 'Lack_of_Wider_Context']",[],[],[],
491,[],[],[],[],[],
492,"['Bug_Fixing', 'Debugging']",[],[],[],[],
494,"['Debugging', 'Bug_Fixing']","["Doesn't_Work_For_Usecase", "Doesn't_Work_for_Complex_Issues"]",[],[],[],
495,"['Provide_Reference_or_Learning', "Don't_Have_To_Read_Documentation"]","['Generic_Generations']",[],[],[],
496,"['Bug_Fixing', 'Debugging']",[],[],[],[],
497,[],[],[],[],[],
498,"['Error_Detection', 'Mistake_and_Typo_Correction']",[],[],[],[],
501,"['Offers_a_Starting_Point']","['Reasoning_Skills']",[],[],[],
502,[],"['Autocomplete_Issues', "Models_Don't_Learn", 'Context_Window', 'Issues_Arising_from_Paid_APIs']",[],[],[],
503,[],[],[],[],[],
505,"['Performing_Repetitive_Tasks']","["Doesn't_Follow_Best_Practices", 'Formatting_Issues']",[],[],[],
506,[],"["Doesn't_Follow_Best_Practices"]",[],[],[],
507,"['Faster_Development', 'Provide_Reference_or_Learning']","["Doesn't_Follow_Instructions"]",[],[],[],
508,"['Fast_Schema_and_Requirements', 'Save_Time', 'Faster_Development', 'Writing_Basic_Code_Snippets']","['Forced_to_Refactor', "Can't_Automate_End_to_End_Process"]",[],[],[],
513,[],"['Lack_of_Wider_Context', "AI_Doesn't_Understand_Problem"]",[],[],[],
514,"["Don't_Have_To_Read_Documentation"]","["Can't_Rely_On_AI_Fully", 'Unhelpful_or_Broken_Generations', 'Have_to_Review_Carefully']",[],[],[],
515,"['Writing_Basic_Code_Snippets', 'Faster_Development', 'Quickly_Move_From_Idea_to_Product']","['Keeping_AI_Tools_Updated', 'Not_Trained_on_Most_Recent_Tech']",[],[],[],
516,"['Save_Time', 'Maintain_Conventions', 'Standard_and_Consistent_Code', 'Auto_Completion']",[],[],[],[],
518,[],"['Generates_Poor_Quality_Code']",[],[],[],
519,"['Making_UI', 'Testing', 'Faster_Development', 'Writing_Basic_Code_Snippets']","['Intrusive', 'Formatting_Issues']",[],[],[],
520,[],[],[],[],[],
521,[],[],[],[],[],
523,"['Depends_on_the_Language', 'Faster_Development']","["Can't_Provide_Sources", "Doesn't_Work_For_Less_Popular_Libraries"]",[],[],[],
524,[],[],"['Not_Enough_Technical_Knowledge']",[],[],
525,"['Provide_Reference_or_Learning', 'Prototyping']","['Generates_Buggy_Code']",[],[],[],
526,"['Allows_to_Shift_Focus']","['Have_to_Review_Carefully', "Doesn't_Work_For_Less_Popular_Libraries"]",[],[],[],
527,[],"['Generates_Buggy_Code']",[],[],[],
528,[],[],"['Legal_Risks', 'Licensing_or_Copyright_Risks', 'Incorrect_Code_Generations']",[],[],
529,[],[],"['Employer', 'Company_Policy']",[],[],
530,"['Less_Manual_Labor']",[],[],[],[],
532,"['Quicker_Iterations', 'Faster_Development']",[],[],[],[],
534,"['Develop_with_Unfamiliar_Libraries', 'Increased_Productivity', 'Faster_Development', 'Provide_Reference_or_Learning']","['Hurts_Developer_Skills']",[],[],[],
536,"['Improve_Code_Quality', 'Lowers_Barrier_to_Entry', 'Increased_Productivity', 'Optimize_Solutions']","['Suggestions_Are_Not_Optimal', 'Generic_Generations', 'Not_Good_at_Documentation']",[],[],[],
540,[],[],"["Doesn't_Work_For_Use_Case", 'Slower_Than_Coding_or_Other_Tools']",[],[],
542,"['Workflow_Improvements', 'Offers_a_Starting_Point']","['Formatting_Issues', "Doesn't_Work_for_Complex_Issues"]",[],[],[],
543,"['Understanding_Use_Cases', 'Increased_Understanding']","['Unhelpful_or_Broken_Generations', 'Trying_Different_Prompts']",[],[],[],
545,"['Increased_Productivity']","['Autocomplete_Issues', 'Accuracy', 'Unhelpful_or_Broken_Generations']",[],[],[],
546,[],"['Lack_of_Wider_Context', 'Blackbox_Problem', 'Not_Autonomous']",[],[],[],
547,[],[],[],[],[],
550,[],"['Generates_Poor_Quality_Code', 'Unhelpful_or_Broken_Generations', 'Suggestions_Are_Not_Optimal']",[],[],[],
553,[],[],[],[],[],
557,"['Faster_Development', "Don't_Have_To_Read_Documentation"]","['Accuracy', 'Unhelpful_or_Broken_Generations']",[],[],[],
559,[],[],[],[],[],
561,"['Debugging', 'Improve_Code_Quality', 'Standard_and_Consistent_Code', 'Can_Explain_or_Summarize_Code', 'Increased_Understanding']","['Unhelpful_or_Broken_Generations', "Generated_Code_Doesn't_Fit_Project"]",[],[],[],
563,"['Workflow_Improvements']","['Unhelpful_or_Broken_Generations', 'Accuracy']",[],[],[],
566,"['Making_UI', 'Faster_Development']","['Context_Window', 'Lack_of_Wider_Context']",[],[],[],
568,"['Performing_Repetitive_Tasks']",[],[],[],[],
569,[],[],"['Legal_Risks', 'Licensing_or_Copyright_Risks', 'Bad_Publicity']",[],[],
571,[],"['Unhelpful_or_Broken_Generations']",[],[],[],
573,"['Prototyping', 'Skeleton_Design_or_Outline']",[],[],[],[],
575,[],[],[],[],[],
578,[],[],[],[],[],
579,[],[],[],[],[],
582,[],[],[],[],[],
583,"['Improve_Code_Quality', 'Testing', 'Offers_New_Perspective_or_Insight', 'Generating_Test_Cases']","['Reasoning_Skills']",[],[],[],
584,[],[],[],[],[],
585,"['Improve_Code_Quality', 'Getting_Alternatives']","["Models_Don't_Learn", 'Context_Window']",[],[],[],
586,"['Faster_Feature_Delivery', 'Faster_Development', "Don't_Have_To_Read_Documentation", 'Provide_Reference_or_Learning']",[],[],[],[],
587,"['Faster_Development']",[],[],[],[],
591,"['Writing_Basic_Code_Snippets', 'Debugging', 'Mistake_and_Typo_Correction', 'Getting_Alternatives']",[],[],[],[],
593,"['Pair_Programming', 'Offers_New_Perspective_or_Insight']","['Forced_to_Refactor']",[],[],[],
594,[],[],[],[],[],
595,"['Architecture_and_System_Design', 'Offers_a_Starting_Point']",[],[],[],[],
597,"['Offers_New_Perspective_or_Insight', 'Gives_Advice', 'Faster_Development', 'Architecture_and_System_Design', 'Provide_Reference_or_Learning']",[],[],[],[],
599,"['Save_Time', 'Architecture_and_System_Design']","['Generates_Buggy_Code']",[],[],[],
601,[],"["Doesn't_Work_for_Complex_Issues"]",[],[],[],
603,[],"['Off_Topic', 'Unhelpful_or_Broken_Generations']",[],[],[],
604,[],[],"['Slower_Than_Coding_or_Other_Tools', 'Alternatives_are_Sufficient']",[],[],
607,"['Improve_Code_Quality', 'Architecture_and_System_Design']","['Unhelpful_or_Broken_Generations', 'Accuracy', 'Have_to_Review_Carefully']",[],[],[],
609,"['Understanding_Errors', 'Debugging']","['Unhelpful_or_Broken_Generations', 'Formatting_Issues', 'Inconsistent_Results']",[],[],[],
613,[],[],[],[],[],
614,[],[],[],[],[],
617,"['Faster_Development']","['Hard_to_Understand_Generated_Code']",[],[],[],
618,[],[],"['Not_Mature_Enough', "Doesn't_Add_Much_Value", 'Intrusive', 'Prefer_to_Code_Themself']",[],[],
619,"['Develop_in_Unfamiliar_Languages', "Don't_Have_To_Read_Documentation", 'Provide_Reference_or_Learning', 'Built-in-Algorithms']","["Doesn't_Work_for_Complex_Issues", "Can't_Automate_End_to_End_Process"]",[],[],[],
622,"['Bad_Answer', 'Provide_Reference_or_Learning']","["Doesn't_Work_For_Usecase", 'Not_Trained_on_Most_Recent_Tech', 'Censored', 'Lack_of_Creativity']",[],[],[],
623,[],[],"['Sending_Code_to_Remote']",[],[],
626,"['Debugging', 'Improve_Code_Quality', 'Offers_New_Perspective_or_Insight', 'Getting_Alternatives', 'Mistake_and_Typo_Correction']","['Context_Window', 'Lack_of_Wider_Context']",[],[],[],
627,"['Implementing_Algorithms']",[],[],[],[],
631,"['Provide_Reference_or_Learning']","['Trained_on_Old_Data', 'Not_Trained_on_Most_Recent_Tech']",[],[],[],
638,"['Debugging', 'Mistake_and_Typo_Correction']",[],[],[],[],
639,[],[],[],[],[],
641,[],"["AI_Doesn't_Understand_Problem", 'Not_Autonomous', 'Must_Use_Good_Prompts']",[],[],[],
642,[],"['Poor_Training_Data', 'Developer_Experience_Problems', 'Limited_Support_Tools', 'Domain_Issues', "Doesn't_Work_for_Complex_Issues", 'Poorly_Trained_Model', 'Availability']",[],"['Doing_Fine_Without_It', 'Slow_to_Adopt']",[],
646,[],[],[],[],[],
651,[],[],[],[],[],
652,"['Standard_and_Consistent_Code']",[],[],[],[],
653,"['Provide_Reference_or_Learning', "Don't_Have_To_Read_Documentation"]","['Outdated_Use_of_Packages', 'Not_Trained_on_Most_Recent_Tech', 'Unhelpful_or_Broken_Generations']",[],[],[],
654,"['Prototyping', 'Skeleton_Design_or_Outline']","['Needlessly_Complex_Solution', 'Niche_Solutions']",[],[],[],
655,[],"['Confused']",[],[],[],
656,[],[],[],[],[],
657,[],[],[],[],[],
658,"['Faster_Development']","['Have_to_Review_Carefully']",[],[],[],
659,"['Workflow_Improvements', 'Faster_Development', 'Performing_Repetitive_Tasks']","['Outdated_Use_of_Packages', 'Not_Trained_on_Most_Recent_Tech']",[],[],[],
661,[],[],[],[],[],
665,"['Develop_with_Unfamiliar_Libraries']",[],[],[],[],
666,"['Offers_New_Perspective_or_Insight']",[],[],[],[],
667,[],[],[],[],[],
669,"['Learn_Best_Practices', 'Optimize_Solutions']","["AI_Doesn't_Understand_Problem"]",[],[],[],
670,[],[],[],[],[],
672,"['Provide_Inspiration', 'Offers_New_Perspective_or_Insight', 'Helps_when_Stuck']","["Doesn't_Work_For_Legacy", 'Cost', 'Makes_Problems_Worse']",[],[],[],
673,"['Auto_Completion']","['Lack_of_Wider_Context', 'Problems_That_Span_Files']",[],[],[],
675,[],[],"['Alternatives_are_Sufficient', 'Prefer_to_Code_Themself']",[],[],
676,"['Understanding_Errors', 'Testing', 'Offers_New_Perspective_or_Insight', 'Generating_Test_Cases', 'Auto_Completion']",[],[],[],[],
681,"['Automate_Tasks']",[],[],[],[],
683,[],[],[],[],[],
684,[],[],[],[],[],
687,"['Search_Internal_Docs', "Don't_Have_To_Read_Documentation", 'Provide_Reference_or_Learning']",[],[],[],[],
689,[],[],[],[],[],
691,[],[],"['Low_Trust', 'Incorrect_Code_Generations']",[],[],
695,[],[],[],[],[],
696,"['Faster_Development']","['Not_Autonomous']",[],[],[],
698,[],"['Off_Topic']",[],[],[],
700,"['Explain_Concepts']","['Context_Window', 'Lack_of_Wider_Context']",[],[],[],
711,[],[],[],[],[],
712,[],[],[],[],[],
713,"['Improve_Code_Quality', 'Writing_Basic_Code_Snippets']","['Generates_Buggy_Code']",[],[],[],
715,"['Save_Time', 'Faster_Development', "Don't_Have_To_Read_Documentation"]","['Subtle_or_Hidden_Errors']",[],[],[],
718,"['Depends_on_the_Language', 'Faster_Development']","["Doesn't_Work_For_Usecase", "Doesn't_Work_for_Complex_Issues"]",[],[],[],
720,[],[],[],[],[],
722,[],"['Reasoning_Skills', 'Generates_Poor_Quality_Code']",[],[],[],
725,"['Faster_Development']",[],[],[],[],
726,"['Save_Time']","['Multiple_Generations', 'Trying_Different_Prompts']",[],[],[],
730,[],[],[],[],[],
732,[],[],"['Concerns_About_Training', 'Licensing_or_Copyright_Risks', 'Legal_Risks']",[],[],
734,[],"['Information_or_Data_Leaks', 'Privacy']",[],[],[],
738,"['Improve_Code_Quality', 'Faster_Development', 'Increased_Productivity', 'Increased_Final_Product_Quality']","['Must_Use_Good_Prompts']",[],[],[],
744,"['Testing', 'Generating_Test_Cases', 'Writing_SQL_Queries', 'Speed_Up_Architecture_Operations']","['Domain_Issues', "Doesn't_Work_For_Usecase"]",[],[],[],
748,"['Writing_Basic_Code_Snippets']",[],[],[],[],
750,[],"["AI_Doesn't_Understand_Problem", 'Must_Use_Good_Prompts']",[],[],[],
751,"['Getting_Alternatives']","['Accuracy', 'Formatting_Issues']",[],[],[],
752,"['Debugging', 'Improve_Code_Quality', 'Bug_Fixing', 'Increased_Productivity', 'Auto_Completion']","['Unhelpful_or_Broken_Generations']",[],[],[],
754,[],[],[],[],[],
755,"['Increased_Productivity', 'Faster_Development']","['Generates_Buggy_Code', 'Unhelpful_or_Broken_Generations']",[],[],[],
756,[],[],[],[],[],
757,"['Writing_Basic_Code_Snippets']","['Produces_Redundant_or_Repetitive_Code', 'Trying_Different_Prompts']",[],[],[],
758,[],[],[],[],[],
763,"['Easy_to_Use', 'Faster_Development']",[],[],[],[],
764,[],"['Outdated_Use_of_Packages', 'Not_Trained_on_Most_Recent_Tech']",[],[],[],
769,[],[],[],[],[],
770,[],[],[],[],[],
772,[],[],[],[],[],
